{"task_2/acc":0.923,"after_task":9,"task_4/acc":0.874,"task_5/acc":0.848,"task_0/acc":0.892,"selected_ridge":0.0031622776601683794,"task_3/acc":0.879,"_runtime":15405.8285057,"_wandb":{"runtime":15405},"Ridge:31.622776601683793":0.8698000013828278,"_timestamp":1.7334062314247274e+09,"Ridge:0.31622776601683794":0.8734000027179718,"Ridge:0.0001":0.8734000027179718,"Ridge:0.0031622776601683794":0.8736000061035156,"task_8/acc":0.89,"Ridge:1.0":0.873199999332428,"Ridge:10.0":0.871399998664856,"Ridge:0.1":0.8736000061035156,"task_mean/acc":0.8804000000000001,"task_6/acc":0.916,"task_7/acc":0.826,"_step":20,"Ridge:0.03162277660168379":0.8736000061035156,"Ridge:0.01":0.8736000061035156,"task_9/acc":0.887,"Ridge:3.1622776601683795":0.8726000040769577,"task_wmean/acc":0.8804,"Ridge:0.001":0.8734000027179718,"Ridge:0.00031622776601683794":0.8734000027179718,"task_1/acc":0.869,"Ridge:1000.0":0.8612000048160553,"num_classes":100,"Ridge:1e-08":0.8734000027179718,"Ridge:100.0":0.8658000081777573,"Ridge:316.22776601683796":0.8657999932765961}